<?xml version="1.0" encoding="UTF-8"?>
<!-- <!DOCTYPE log4j:configuration PUBLIC "-//APACHE//DTD LOG4J 1.2//EN" "log4j.dtd"> -->
<!DOCTYPE log4j:configuration PUBLIC "-//APACHE//DTD LOG4J 1.2//EN" "http://logging.apache.org/log4j/1.2/apidocs/org/apache/log4j/xml/doc-files/log4j.dtd">
<log4j:configuration xmlns:log4j="http://jakarta.apache.org/log4j/">

	<!-- Appenders -->
	<appender name="console" class="org.apache.log4j.ConsoleAppender">
		<param name="Target" value="System.out" />
		<layout class="org.apache.log4j.PatternLayout">
<!-- 			<param name="ConversionPattern" value="%-5p: %c - %m%n" /> -->

			<!-- %c{n} = 로그의 패키지를 뒤에서 n번째까지만 출력 -->
			<!--  %M:%L = 실행되고 있는 로그의 레벨(메소드명):코드라인 넘버를 출력 -->
			<param name="ConversionPattern" value="%-5p: %c{1} - %M:%L- %m%n" />


		</layout>
	</appender>
	
	<!-- Application Loggers -->
	<logger name="a.b.c">
		<level value="info" />
	</logger>

	<!-- Application Loggers -->
	<logger name="web">
		<level value="info" />
	</logger>

	<!-- Application Loggers -->
	<logger name="dept">
		<level value="info" />
	</logger>

	<logger name="dept.dao">
		<level value="trace" />
	</logger>
	
	<logger name="login">
		<level value="info" />
	</logger>

	<logger name="interceptor">
		<level value="info" />
	</logger>

	<logger name="file">
		<level value="info" />
	</logger>

	<!-- 3rdparty Loggers -->
	<logger name="org.springframework.core">
		<level value="info" />
	</logger>
	
	<logger name="org.springframework.beans">
		<level value="info" />
	</logger>
	
	<logger name="org.springframework.context">
		<level value="info" />
	</logger>

	<logger name="org.springframework.web">
		<level value="info" />
	</logger>

	<!-- Root Logger -->
	<root>
		<priority value="warn" />
		<appender-ref ref="console" />
	</root>
	
</log4j:configuration>
