<?xml version="1.0" encoding="UTF-8"?>
<!DOCTYPE mapper
  PUBLIC "-//mybatis.org//DTD Mapper 3.0//EN"
  "https://mybatis.org/dtd/mybatis-3-mapper.dtd">
  
<mapper namespace="file.dao.face.FileDao">
	<insert id="insertFile" parameterType="file.dto.Filetest">
		INSERT INTO filetest
		VALUES (filetest_seq.NEXTVAL, #{title}, #{origin_name}, #{stored_name})
	</insert>

	<select id="selectFileAll" resultType="file.dto.Filetest">
		SELECT * FROM filetest
		ORDER BY fileno
	</select>

	<!-- originName, storedName으로 DTO 만들었을시, -->
	<!-- mapUnderscoreToCamelCase 설정을 이용한 DTO 매칭 -->
<!-- 	<select id="selectFileAll" resultType="file.dto.Filetest"> -->
<!-- 		SELECT  -->
<!-- 			fileno -->
<!-- 			, title -->
<!-- 			, origin_name -->
<!-- 			, stored_name -->
<!-- 		FROM filetest -->
<!-- 		ORDER BY fileno -->
<!-- 	</select> -->

	<select id="selectByFileno" parameterType="int" resultType="file.dto.Filetest">
		SELECT * FROM filetest
		WHERE fileno = ${fileno}
	</select>

</mapper>